cc,id,name,maxdate,mindate,latitude,elevation,longitude,datacoverage,elevationUnit
US,GHCND:USW00013733,"LYNCHBURG REGIONAL AIRPORT, VA US",2021-07-20,1944-08-01,37.32126,286.5,-79.20656,1.0,METERS
US,GHCND:USC00348110,"SHAWNEE, OK US",2021-07-20,1901-08-09,35.3554,332.8,-96.9202,0.9963,METERS
US,GHCND:USS0007E12S,"SUCKER CREEK, WY US",2021-07-19,1978-09-30,44.72,2706.6,-107.4,1.0,METERS
US,GHCND:USC00380184,"ANDREWS, SC US",2021-07-20,1962-11-01,33.4408,10.7,-79.5672,0.8715,METERS
US,GHCND:USC00380448,"BAMBERG, SC US",2021-07-17,1951-08-01,33.29109,47.5,-81.03289,0.9629,METERS
US,GHCND:USC00389469,"YEMASSEE 1 N, SC US",2021-05-31,1899-01-01,32.7019,13.4,-80.8518,0.9631,METERS
US,GHCND:USS0003E03S,"BLIND PARK, SD US",2021-07-19,1990-06-01,44.11,2100.1,-103.98,1.0,METERS
US,GHCND:USC00397073,"RED OWL, SD US",2020-08-31,1951-08-01,44.6981,845.2,-102.5608,0.9837,METERS
US,GHCND:USC00399442,"WOOD, SD US",2021-07-11,1913-01-01,43.4989,664.5,-100.4814,0.9538,METERS
US,GHCND:USW00003811,"JACKSON MCKELLAR SIPES AIRPORT, TN US",2021-07-19,1948-08-01,35.593,132.0,-88.9167,0.992,METERS
US,GHCND:USC00411017,"BRADY, TX US",2021-07-18,1893-01-01,31.14453,521.5,-99.34922,0.6793,METERS
US,GHCND:USC00415661,"MATHIS 4 SSW, TX US",2021-07-20,1964-07-01,28.0372,42.1,-97.8725,0.993,METERS
US,GHCND:USW00013958,"AUSTIN CAMP MABRY, TX US",2021-07-19,1938-06-01,30.3208,204.2,-97.7604,1.0,METERS
US,GHCND:USW00012960,"HOUSTON INTERCONTINENTAL AIRPORT, TX US",2021-07-20,1969-06-01,29.98,29.0,-95.36,0.9999,METERS
US,GHCND:USW00003927,"DAL FTW WSCMO AIRPORT, TX US",2021-07-20,1948-01-01,32.8978,170.7,-97.0189,1.0,METERS
US,GHCND:USC00345581,"MARLOW 1 WSW, OK US",2021-07-20,1900-10-02,34.6368,385.3,-97.9786,0.9989,METERS
US,GHCND:USC00418201,"SEMINOLE, TX US",2021-07-20,1922-08-01,32.7131,1016.8,-102.6596,0.9484,METERS
US,GHCND:USC00417232,"PRADE RANCH, TX US",2021-04-30,1955-10-01,29.9167,625.4,-99.7908,0.8658,METERS
US,GHCND:USC00417743,"ROSCOE, TX US",2021-07-20,1935-06-01,32.44807,725.4,-100.52632,0.9836,METERS
US,GHCND:USC00413992,"HASKELL, TX US",2021-07-20,1893-01-01,33.16448,484.6,-99.73896,0.93,METERS
US,GHCND:USC00428978,"UTAH TEST RANGE, UT US",2021-07-19,1989-09-01,41.0498,1353.3,-112.9367,0.8997,METERS
US,GHCND:USC00445096,"LURAY 5 E, VA US",2021-07-20,1941-03-01,38.6661,426.7,-78.3727,0.9775,METERS
US,GHCND:USW00013737,"NORFOLK INTERNATIONAL AIRPORT, VA US",2021-07-20,1946-01-01,36.9033,9.1,-76.1922,1.0,METERS
US,GHCND:USC00453515,"HARRINGTON, WA US",2020-10-31,1961-12-01,47.4829,658.1,-118.25188,0.9856,METERS
US,GHCND:USC00476398,"PARK FALLS DNR HQ, WI US",2021-07-15,1910-05-01,45.9336,464.8,-90.4506,0.9129,METERS
US,GHCND:USC00478267,"STURGEON BAY EXPERIMENTAL FARM, WI US",2021-07-20,1905-03-01,44.8799,213.1,-87.33578,0.9988,METERS
US,GHCND:USC00475516,"MINOCQUA, WI US",2021-07-20,1903-09-01,45.8865,488.0,-89.7322,0.9974,METERS
US,GHCND:USC00517540,"PAIKO DRIVE 723.4, HI US",2021-05-31,1976-05-01,21.2803,1.5,-157.7335,0.9989,METERS
US,GHCND:USC00515000,"KULA BRNCH STATION 324.5, HI US",2021-07-19,1979-04-01,20.7584,944.9,-156.3212,0.9892,METERS
US,GHCND:USW00022536,"LIHUE WEATHER SERVICE OFFICE AIRPORT 1020.1, HI US",2021-07-20,1950-02-01,21.98389,30.5,-159.34056,0.9999,METERS
US,GHCND:USW00021504,"HILO INTERNATIONAL AIRPORT 87, HI US",2021-07-20,1949-10-01,19.7191,11.6,-155.053,0.9999,METERS
US,GHCND:USR0000ABEN,"BEN CREEK ALASKA, AK US",2021-07-20,1990-05-09,65.2833,563.9,-143.0667,0.6889,METERS
US,GHCND:USR0000ACHI,"CHISANA ALASKA, AK US",2021-07-20,1988-07-01,62.1333,1011.3,-142.0833,0.7732,METERS
US,GHCND:USW00023184,"PRESCOTT LOVE FIELD, AZ US",2021-07-18,1948-01-01,34.65167,1536.8,-112.42083,0.9986,METERS
US,GHCND:USR0000AKAN,"KANUTI NWR ALASKA, AK US",2021-07-20,1990-08-06,66.0933,251.5,-152.17,0.8787,METERS
US,GHCND:USR0000AMUL,"MULESHOE RANCH ARIZONA, AZ US",2021-07-20,1988-04-05,32.4,1272.5,-110.2708,0.9964,METERS
US,GHCND:USR0000ATLA,"T LAKE ALASKA, AK US",2021-05-13,1990-09-24,63.7533,631.9,-143.8167,0.5775,METERS
US,GHCND:USR0000NREB,"RED BUTTE NEVADA, NV US",2021-07-20,1989-10-11,39.9833,1539.2,-117.3167,0.9928,METERS
US,GHCND:USR0000WCAM,"CAMP CREEK WYOMING, WY US",2021-07-20,1988-08-11,42.3458,2249.4,-107.5528,0.9629,METERS
US,GHCND:USR0000WDOD,"DODGE CREEK WYOMING, WY US",2021-07-20,1988-08-11,41.9675,2164.1,-105.5194,0.9979,METERS
US,GHCND:USR0000WGOL,"GOLD MOUNTAIN WASHINGTON, WA US",2021-07-20,1991-04-15,48.1806,1428.3,-118.4636,0.9524,METERS
US,GHCND:USS0008M07S,"LONE CONE, CO US",2021-07-19,1980-07-19,37.89,2926.1,-108.2,1.0,METERS
US,GHCND:USS0014K02S,"BERRY CREEK, NV US",2021-07-19,1980-07-16,39.32,2773.7,-114.62,0.9949,METERS
US,GHCND:USS0049L10S,"COOPER LAKE, AK US",2021-07-19,1981-09-30,60.39,365.8,-149.69,1.0,METERS
US,GHCND:USW00012816,"GAINESVILLE REGIONAL AIRPORT, FL US",2021-07-20,1960-05-01,29.6919,37.5,-82.2755,0.7706,METERS
US,GHCND:USW00013865,"MERIDIAN KEY FIELD, MS US",2021-07-20,1942-03-01,32.3347,89.6,-88.7442,0.9716,METERS
US,GHCND:USW00013899,"PENSACOLA REGIONAL AIRPORT, FL US",2021-07-19,1948-07-01,30.4781,34.1,-87.1869,1.0,METERS
US,GHCND:USW00024106,"MOUNTAIN HOME AFB, ID US",2021-07-18,1949-05-01,43.05,913.2,-115.86667,0.2829,METERS
US,GHCND:USC00502785,"ELFIN COVE, US",2021-07-19,1975-01-01,58.1916,6.1,-136.3435,0.9245,METERS
US,GHCND:USW00025501,"KODIAK AIRPORT, AK US",2021-07-20,1945-01-01,57.7511,24.4,-152.4855,0.9475,METERS
US,GHCND:USW00025713,"SAINT PAUL ISLAND AIRPORT, AK US",2021-07-20,1915-08-08,57.1552,10.7,-170.2222,0.9787,METERS
US,GHCND:USC00291469,"CARLSBAD, NM US",2021-01-28,1900-02-01,32.3479,951.0,-104.2224,0.9642,METERS
US,GHCND:USC00201486,"CHATHAM EXPERIMENT FARM 2, MI US",2021-07-14,1987-08-01,46.3414,265.2,-86.9242,0.9957,METERS
US,GHCND:USW00026412,"NORTHWAY AIRPORT, AK US",2021-07-19,1942-09-08,62.9617,522.1,-141.9878,0.9943,METERS
US,GHCND:USC00500464,"AUKE BAY, AK US",2021-07-19,1963-02-01,58.3814,13.4,-134.645,0.9653,METERS
US,GHCND:USS0045Q02S,"MONUMENT CREEK, AK US",2021-07-19,1980-09-30,65.08,563.9,-145.87,0.9999,METERS
US,GHCND:USC00509869,"WISEMAN, AK US",2021-07-20,1918-11-01,67.40822,360.0,-150.10958,0.3586,METERS
US,GHCND:USR0000IBRA,"BRACE FLAT IDAHO, ID US",2021-07-20,1990-05-29,42.3497,1493.5,-116.69,0.9987,METERS
US,GHCND:USR0000MWOL,"WOLF MOUNTAIN MONTANA, MT US",2021-07-20,1985-05-23,45.3131,1590.1,-107.1719,0.9968,METERS
US,GHCND:USR0000MBLU,"BLUFF CREEK MONTANA, MT US",2021-07-20,1985-01-09,48.8719,777.2,-106.9456,0.9903,METERS
US,GHCND:USR0000MBSM,"BIG SHEEP MOUNTAIN MONTANA, MT US",2021-07-20,1985-01-23,47.0167,975.4,-105.8167,0.9885,METERS
US,GHCND:USS0009K01S,"EAST WILLOW CREEK, UT US",2021-07-19,1986-08-05,39.31,2530.1,-109.53,1.0,METERS
US,GHCND:USR0000MFOH,"FORT HOWES MONTANA, MT US",2021-07-20,1987-10-22,45.2969,1030.2,-106.1614,0.9956,METERS
US,GHCND:USR0000MKIN,"KING COULEE MONTANA, MT US",2021-07-20,1987-11-03,47.7981,841.2,-107.0233,0.9937,METERS
US,GHCND:USR0000MLIT,"LITTLE BULLWACKER CREEK MONTAN, MT US",2021-07-20,1985-05-23,47.8139,944.9,-109.0167,0.9917,METERS
US,GHCND:USC00241088,"BREDETTE, MT US",2021-07-18,1950-04-01,48.5155,705.0,-105.2991,0.9848,METERS
US,GHCND:CA005031320,"INDIAN BAY, CA",2021-07-19,1915-04-01,49.6167,327.0,-95.2,0.9764,METERS
US,GHCND:CA006020559,"BARWICK, MN US",2021-07-19,1978-12-01,48.6333,335.0,-93.9667,0.9483,METERS
US,GHCND:USW00014755,"MOUNT WASHINGTON, NH US",2021-07-19,1948-01-01,44.27018,1911.7,-71.30336,0.9978,METERS
US,GHCND:USW00013874,"ATLANTA HARTSFIELD JACKSON INTERNATIONAL AIRPORT, GA US",2021-07-20,1930-01-01,33.6301,307.8,-84.4418,1.0,METERS
US,GHCND:CA001200560,"ATLIN, CA",2021-06-30,1899-03-01,59.5667,674.0,-133.7,0.7702,METERS
US,GHCND:USC00503504,"HAINES 40 NW, AK CA",2021-07-20,1989-09-01,59.4503,249.9,-136.3615,0.9763,METERS
US,GHCND:CA001054500,"LANGARA, CA",2021-07-19,1936-07-23,54.25,43.0,-133.05,0.9913,METERS
US,GHCND:CA005022125,"PILOT MOUND AUT, CA",2021-07-19,1957-12-01,49.1833,470.0,-98.9,0.8496,METERS
US,GHCND:USW00003856,"HUNTSVILLE INTNL AIRPORT, AL US",2021-07-20,1958-09-01,34.6441,190.2,-86.7869,1.0,METERS
US,GHCND:USC00011080,"BREWTON 3 ENE, AL US",2021-07-15,1977-04-01,31.1413,48.8,-87.0486,0.9857,METERS
US,GHCND:USW00013894,"MOBILE REGIONAL AIRPORT, AL US",2021-07-20,1948-01-01,30.6882,65.5,-88.24586,1.0,METERS
US,GHCND:USW00093842,"COLUMBUS METROPOLITAN AIRPORT, GA US",2021-07-19,1948-01-01,32.5161,119.5,-84.9422,1.0,METERS
US,GHCND:USC00013251,"GENEVA NUMBER 2, AL US",2021-07-20,1976-05-01,31.03833,44.2,-85.87083,0.9936,METERS
US,GHCND:USC00013519,"GREENVILLE, AL US",2021-05-31,1900-09-15,31.7901,104.2,-86.6087,0.9602,METERS
US,GHCND:USC00013761,"HEADLAND, AL US",2021-06-18,1950-04-01,31.3625,112.8,-85.3397,0.9331,METERS
US,GHCND:USC00014193,"JACKSON, AL US",2021-07-20,1961-10-01,31.5253,67.1,-87.9277,0.8497,METERS
US,GHCND:USC00020080,"AJO, AZ US",2021-07-18,1914-05-01,32.3698,533.7,-112.8599,0.9711,METERS
US,GHCND:USR0000ASMI,"SMITH PEAK ARIZONA, AZ US",2021-07-20,1988-12-05,34.1158,762.0,-113.3472,0.9973,METERS
US,GHCND:USC00026513,"PICACHO 8 SE, AZ US",2021-07-19,1987-12-01,32.6463,603.8,-111.4017,0.9544,METERS
US,GHCND:USR0000AGOO,"GOODWIN MESA ARIZONA, AZ US",2021-07-20,1985-01-09,34.75,1280.2,-113.3,0.9897,METERS
US,GHCND:USC00020750,"BETATAKIN, AZ US",2021-07-18,1939-03-01,36.6778,2220.8,-110.5411,0.95,METERS
US,GHCND:USR0000ATUS,"TUSAYAN ARIZONA, AZ US",2021-07-20,1986-01-17,35.99,2042.2,-112.12,0.9803,METERS
US,GHCND:USC00021248,"CANYON DE CHELLY, AZ US",2021-07-13,1970-12-01,36.1533,1709.9,-109.5394,0.9812,METERS
US,GHCND:USC00021664,"CHIRICAHUA NATIONAL MONUMENT, AZ US",2021-07-19,1909-01-01,32.0061,1615.4,-109.3572,0.7105,METERS
US,GHCND:USC00023393,"GILA BEND 2 SE, AZ US",2021-04-30,1892-12-01,32.93803,242.0,-112.68109,0.8708,METERS
US,GHCND:USR0000CRIC,"RICE VALLEY CALIFORNIA, CA US",2021-07-20,1988-03-05,34.0608,249.9,-114.7322,0.9979,METERS
US,GHCND:USW00023194,"WINSLOW AIRPORT, AZ US",2021-07-20,1898-10-01,35.0281,1489.3,-110.7208,0.9154,METERS
US,GHCND:USC00026616,"PIPE SPRING NATIONAL MONUMENT, AZ US",2021-07-20,1963-06-01,36.8626,1499.6,-112.7374,0.9779,METERS
US,GHCND:USW00023158,"BLYTHE ASOS, CA US",2021-07-19,1948-07-01,33.6186,120.4,-114.7142,0.9939,METERS
US,GHCND:USC00027435,"SAINT JOHNS, AZ US",2021-07-18,1901-08-26,34.5172,1764.8,-109.4028,0.9115,METERS
US,GHCND:USC00027488,"SANDERS, AZ US",2021-04-30,1949-07-08,35.2239,1784.0,-109.3222,0.7963,METERS
US,GHCND:USC00027716,"SELIGMAN, AZ US",2021-07-19,1904-12-01,35.3322,1600.2,-112.8797,0.9368,METERS
US,GHCND:USC00028396,"TACNA 3 NE, AZ US",2021-07-19,1969-02-01,32.7225,98.8,-113.9191,0.9919,METERS
US,GHCND:USC00028468,"TEEC NOS POS, AZ US",2021-07-18,1962-06-02,36.9233,1612.4,-109.09,0.9368,METERS
US,GHCND:USC00029158,"WALNUT CREEK, AZ US",2021-04-30,1915-12-01,34.9281,1551.4,-112.8097,0.9771,METERS
US,GHCND:USC00036253,"ROHWER 2 NNE, AR US",2021-07-19,1959-12-01,33.8102,45.7,-91.2777,0.9859,METERS
US,GHCND:USC00032930,"GRAVETTE, AR US",2021-03-31,1898-04-01,36.4261,384.0,-94.448,0.9929,METERS
US,GHCND:USW00013893,"MEMPHIS INTERNATIONAL AIRPORT, TN US",2021-07-20,1940-01-01,35.0564,77.4,-89.9865,1.0,METERS
US,GHCND:USC00033821,"KEISER, AR US",2021-06-30,1959-05-01,35.6871,70.7,-90.0963,0.9874,METERS
US,GHCND:USC00036920,"STUTTGART 9 ESE, AR US",2021-07-19,1936-10-01,34.4744,60.4,-91.4172,0.9719,METERS
US,GHCND:USS0020H06S,"CEDAR PASS, CA US",2021-07-19,1978-09-30,41.58,2142.7,-120.3,1.0,METERS
US,GHCND:USW00023188,"SAN DIEGO INTERNATIONAL AIRPORT, CA US",2021-07-20,1939-07-01,32.7336,4.6,-117.1831,0.9999,METERS
US,GHCND:USW00023273,"SANTA MARIA PUBLIC AIRPORT, CA US",2021-07-20,1948-01-01,34.8994,73.8,-120.4486,0.9998,METERS
US,GHCND:USW00023161,"BARSTOW DAGGETT AIRPORT, CA US",2021-07-19,1943-12-01,34.8536,584.3,-116.7858,0.999,METERS
US,GHCND:USC00041948,"COLUSA 2 SSW, CA US",2021-04-30,1948-10-01,39.1875,15.2,-122.0269,0.9697,METERS
US,GHCND:USC00043855,"HAYFIELD PUMPING PLANT, CA US",2021-07-20,1933-07-01,33.7044,417.6,-115.6289,0.9887,METERS
US,GHCND:USC00042713,"EL CENTRO 2 SSW, CA US",2021-07-20,1932-03-01,32.7669,-9.1,-115.5617,0.9811,METERS
US,GHCND:USC00046154,"NEW CUYAMA FIRE STATION, CA US",2021-07-18,1974-01-01,34.9455,658.4,-119.6827,0.9291,METERS
US,GHCND:USC00046197,"NILAND, CA US",2020-10-31,1914-09-01,33.2775,-18.3,-115.5239,0.6949,METERS
US,GHCND:USW00024213,"EUREKA WEATHER FORECAST OFFICE WOODLEY ISLAND, CA US",2021-07-19,1941-12-01,40.8097,6.1,-124.1602,1.0,METERS
US,GHCND:USC00049035,"TRONA, CA US",2021-07-20,1920-01-01,35.7636,516.6,-117.3908,0.9622,METERS
US,GHCND:USC00049325,"VICTORVILLE, CA US",2021-07-19,1917-01-01,34.52918,877.8,-117.29288,0.7963,METERS
US,GHCND:USW00024015,"AKRON WASHINGTON CO AIRPORT, CO US",2021-07-18,1937-03-01,40.16667,1421.3,-103.21667,0.9929,METERS
US,GHCND:USC00147093,"SAINT FRANCIS, KS US",2021-05-31,1908-05-01,39.7675,1016.8,-101.8066,0.9946,METERS
US,GHCND:USC00051268,"CAMPO 7 S, CO US",2021-07-20,1954-04-08,37.01029,1251.2,-102.55367,0.9388,METERS
US,GHCND:USR0000CWSC,"WILLIS CREEK COLORADO, CO US",2021-07-20,1989-12-04,38.0039,2804.2,-105.0564,0.9978,METERS
US,GHCND:USC00054444,"KARVAL, CO US",2021-07-20,1941-08-01,38.7411,1546.9,-103.5427,0.9862,METERS
US,GHCND:USC00054076,"HOLLY, CO US",2021-07-20,1894-03-01,38.0517,1036.6,-102.1316,0.9106,METERS
US,GHCND:USC00256385,"OSHKOSH, NE US",2021-05-31,1913-06-01,41.4014,1033.3,-102.3465,0.9962,METERS
US,GHCND:USC00055025,"LINDON 5 WNW, CO US",2021-07-20,1988-12-01,39.7555,1478.6,-103.4986,0.9863,METERS
US,GHCND:USC00055934,"NEW RAYMER 21 N, CO US",2021-07-14,1987-06-01,40.9319,1578.9,-103.8678,0.9827,METERS
US,GHCND:USS0005M07S,"APISHAPA, CO US",2021-07-19,1980-06-09,37.33,3048.0,-105.07,1.0,METERS
US,GHCND:USC00059243,"WRAY, CO US",2021-05-31,1893-04-01,40.08201,1083.0,-102.20699,0.918,METERS
US,GHCND:USW00012842,"TAMPA INTERNATIONAL AIRPORT, FL US",2021-07-20,1939-02-01,27.96194,5.8,-82.5403,1.0,METERS
US,GHCND:USC00081276,"CANAL POINT USDA, FL US",2021-07-16,1941-04-01,26.8639,9.1,-80.6256,0.8397,METERS
US,GHCND:USC00089120,"USHER TOWER, FL US",2021-07-15,1956-06-20,29.40807,10.1,-82.8188,0.9727,METERS
US,GHCND:USC00085895,"MOORE HAVEN LOCK 1, FL US",2021-07-20,1918-04-01,26.84,10.7,-81.0872,0.9727,METERS
US,GHCND:USC00082418,"DRY TORTUGAS, US",2021-07-15,1950-07-01,24.62787,0.9,-82.87362,0.5891,METERS
US,GHCND:USC00083020,"FLAMINGO RANGER STATION, FL US",2021-01-31,1962-03-01,25.1422,0.9,-80.9144,0.9514,METERS
US,GHCND:USC00083207,"FORT PIERCE, FL US",2021-07-20,1901-01-01,27.4419,7.6,-80.3508,0.9859,METERS
US,GHCND:USW00012839,"MIAMI INTERNATIONAL AIRPORT, FL US",2021-07-20,1948-01-01,25.7881,8.8,-80.3169,1.0,METERS
US,GHCND:USW00013889,"JACKSONVILLE INTERNATIONAL AIRPORT, FL US",2021-07-20,1938-04-01,30.495,7.9,-81.6936,0.998,METERS
US,GHCND:USC00085539,"MAYO, FL US",2021-07-07,1949-08-02,30.1063,19.8,-83.1819,0.9758,METERS
US,GHCND:USC00085612,"MELBOURNE WEATHER FORECAST OFFICE, FL US",2021-07-20,1937-07-21,28.1136,10.7,-80.654,0.9618,METERS
US,GHCND:USR0000FOCH,"OCHOPEE FLORIDA, FL US",2021-07-20,1987-04-20,25.9167,2.1,-81.2833,0.9851,METERS
US,GHCND:USC00086240,"NICEVILLE, FL US",2021-07-20,1927-02-01,30.5316,18.3,-86.4928,0.9523,METERS
US,GHCND:USC00086842,"PANAMA CITY, FL US",2021-07-12,1972-01-01,30.2491,1.5,-85.6605,0.9797,METERS
US,GHCND:USW00093805,"TALLAHASSEE REGIONAL AIRPORT, FL US",2021-07-20,1940-03-01,30.39306,16.8,-84.35333,0.9989,METERS
US,GHCND:USC00088942,"TITUSVILLE, FL US",2021-07-20,1901-01-18,28.6243,4.9,-80.817,0.9386,METERS
US,GHCND:USC00089566,"WEWAHITCHKA, FL US",2021-07-20,1901-03-01,30.1191,12.8,-85.2041,0.5401,METERS
US,GHCND:USC00090140,"ALBANY 3 SE, GA US",2021-04-30,1891-11-05,31.5338,54.9,-84.1488,0.9799,METERS
US,GHCND:USC00091266,"BROOKLET 1 W, GA US",2021-07-20,1925-01-01,32.37663,54.9,-81.67388,0.9921,METERS
US,GHCND:USC00096335,"NEWNAN 7 WNW, GA US",2021-07-20,1891-10-03,33.3996,242.3,-84.915,0.8848,METERS
US,GHCND:USC00091863,"CHATSWORTH 2, GA US",2021-07-20,1979-03-01,34.7582,216.4,-84.7642,0.9864,METERS
US,GHCND:USC00092844,"DUBLIN 2, GA US",2021-07-20,1948-08-01,32.5574,61.0,-82.8999,0.1891,METERS
US,GHCND:USC00093538,"FORT STEWART, GA US",2021-05-31,1964-08-01,31.86945,28.0,-81.62358,0.9797,METERS
US,GHCND:USC00094170,"HAWKINSVILLE, GA US",2021-07-20,1892-03-19,32.2843,74.7,-83.4681,0.9383,METERS
US,GHCND:USC00095988,"MONTICELLO, GA US",2021-07-01,1891-11-09,33.3329,157.9,-83.6975,0.8865,METERS
US,GHCND:USC00096087,"MOULTRIE 2 ESE, GA US",2021-07-18,1926-04-01,31.1769,103.6,-83.7491,0.9835,METERS
US,GHCND:USC00096126,"MOUNT VERNON, GA US",2021-07-12,1892-12-01,32.1738,69.8,-82.5956,0.5457,METERS
US,GHCND:USW00013878,"BRUNSWICK MCKINNON AIRPORT, GA US",2021-07-19,1940-11-01,31.1522,4.9,-81.3908,0.9999,METERS
US,GHCND:USC00099506,"WOODBURY, GA US",2020-12-31,1900-08-01,32.9783,222.5,-84.5982,0.9714,METERS
US,GHCND:USC00156988,"ROUGH RIVER LAKE, KY US",2021-07-20,1964-04-01,37.6177,170.7,-86.5044,0.9925,METERS
US,GHCND:USW00093821,"LOUISVILLE INTERNATIONAL AIRPORT, KY US",2021-07-20,1948-01-01,38.1811,148.7,-85.7391,0.9998,METERS
US,GHCND:USC00349404,"WAYNOKA, OK US",2021-07-20,1938-04-01,36.5758,459.6,-98.8797,0.9867,METERS
US,GHCND:USC00145171,"MEADE, KS US",2021-05-31,1895-03-18,37.285,763.2,-100.345,0.6161,METERS
US,GHCND:USW00003849,"LONDON CORBIN AIRPORT, KY US",2021-07-19,1954-11-08,37.08722,362.1,-84.07694,0.9894,METERS
US,GHCND:USC00152791,"CAVE RUN LAKE, KY US",2021-07-20,1904-11-10,38.1227,256.0,-83.5327,0.9759,METERS
US,GHCND:USC00154208,"JAMESTOWN, KY US",2021-04-30,1971-04-01,37.0055,271.3,-85.0616,0.9184,METERS
US,GHCND:USC00160558,"BATON ROUGE SHERWOOD, LA US",2021-07-20,1979-07-01,30.4494,16.8,-91.0477,1.0,METERS
US,GHCND:USC00161979,"COLUMBIA LOCK, LA US",2021-07-20,1972-05-01,32.1673,25.0,-92.10769,0.9956,METERS
US,GHCND:USC00163433,"GALLIANO, LA US",2021-07-14,1968-02-01,29.4631,1.5,-90.3072,0.9653,METERS
US,GHCND:USC00164050,"HANNA 4 SSE, LA US",2021-07-20,1972-05-01,31.92716,38.7,-93.31017,0.6664,METERS
US,GHCND:USW00012917,"PORT ARTHUR SE TX REGIONAL AIRPORT, TX US",2021-07-20,1947-10-01,29.95056,4.9,-94.02056,0.9999,METERS
US,GHCND:USC00165266,"LEESVILLE, LA US",2021-07-20,1903-03-18,31.1416,8.5,-93.2397,0.8353,METERS
US,GHCND:USC00165896,"MANY 9 WSW, LA US",2021-07-12,1989-01-01,31.5119,87.2,-93.6199,0.9933,METERS
US,GHCND:USC00175675,"NEWCASTLE, ME US",2021-04-30,1965-06-01,44.0436,64.9,-69.53753,1.0,METERS
US,GHCND:USC00170814,"BRASSUA DAM, ME US",2021-07-17,1929-02-01,45.6602,325.8,-69.8119,0.9949,METERS
US,GHCND:USW00014607,"CARIBOU WEATHER FORECAST OFFICE, ME US",2021-07-20,1939-01-16,46.8705,190.2,-68.0173,0.9981,METERS
US,GHCND:USC00140439,"ATWOOD, KS US",2021-07-20,1920-09-01,39.79957,881.8,-101.04213,0.9602,METERS
US,GHCND:USC00172878,"FORT KENT, ME US",2021-07-20,1893-01-01,47.2386,185.9,-68.61195,0.6773,METERS
US,GHCND:USC00179891,"WOODLAND, ME US",2021-07-20,1917-07-01,45.1542,37.5,-67.3985,0.9274,METERS
US,GHCND:USW00013721,"PATUXENT RIVER NAS, MD US",2021-07-18,1945-03-01,38.3,11.9,-76.41667,0.9657,METERS
US,GHCND:USW00093720,"SALISBURY WICOMICO REGIONAL AIRPORT, MD US",2021-07-20,1948-07-20,38.34083,14.3,-75.51325,0.9999,METERS
US,GHCND:USC00203744,"HERMAN, MI US",2021-07-20,1968-04-01,46.6653,523.3,-88.3772,0.9875,METERS
US,GHCND:USC00200146,"ALMA, MI US",2021-07-19,1887-06-01,43.38686,221.9,-84.64818,0.9566,METERS
US,GHCND:USC00200718,"BERGLAND DAM, MI US",2021-07-18,1888-11-19,46.5869,396.2,-89.5475,0.6952,METERS
US,GHCND:USW00094814,"HOUGHTON LAKE ROSCOMMON CO AIRPORT, MI US",2021-07-20,1964-07-01,44.3591,350.8,-84.6738,1.0,METERS
US,GHCND:USC00203628,"HARRISVILLE 2 NNE, MI US",2021-07-19,1971-11-01,44.6819,178.3,-83.2808,0.7166,METERS
US,GHCND:USC00204104,"IRONWOOD, MI US",2021-07-20,1901-07-17,46.4656,435.9,-90.1892,0.9896,METERS
US,GHCND:USC00208772,"WELLSTON TIPPY DAM, MI US",2021-07-20,1917-04-01,44.2586,198.1,-85.9394,0.9559,METERS
US,GHCND:USC00206680,"PORT HURON, MI US",2021-07-18,1933-07-01,42.975,179.8,-82.4194,0.9708,METERS
US,GHCND:USC00210050,"AGASSIZ REFUGE, MN US",2021-03-30,1957-04-01,48.3005,348.1,-95.9816,0.8195,METERS
US,GHCND:USC00213303,"GRAND RAPIDS FRS LAB, MN US",2021-04-30,1915-06-01,47.2436,399.3,-93.4975,0.9958,METERS
US,GHCND:USC00210746,"BIG FALLS, MN US",2021-05-31,1930-07-01,48.1969,371.9,-93.7994,0.9054,METERS
US,GHCND:USC00218419,"TWO HARBORS, MN US",2021-07-20,1894-02-22,47.0258,190.5,-91.6653,0.9846,METERS
US,GHCND:USC00217149,"ROTHSAY, MN US",2021-06-11,1959-07-20,46.4808,367.0,-96.2869,0.9537,METERS
US,GHCND:USC00213076,"GAYLORD, MN US",2021-06-30,1956-10-02,44.55647,310.9,-94.22077,0.9889,METERS
US,GHCND:USC00213282,"GRAND MARAIS, MN US",2021-07-20,1900-05-01,47.7518,186.5,-90.3282,0.8477,METERS
US,GHCND:USC00213417,"GUNFLINT LAKE 10 NW, MN US",2021-07-20,1951-08-27,48.1603,443.5,-90.8842,0.7211,METERS
US,GHCND:USC00213455,"HALLOCK, MN US",2021-07-19,1899-02-01,48.7715,248.4,-96.9406,0.8642,METERS
US,GHCND:USW00094967,"PARK RAPIDS MUNICIPAL AIRPORT, MN US",2021-07-19,1893-01-01,46.90056,437.1,-95.06778,0.9915,METERS
US,GHCND:USC00214778,"LITCHFIELD, MN US",2021-07-20,1908-01-01,45.1279,341.4,-94.5348,0.7168,METERS
US,GHCND:USC00216276,"OTTERTAIL, MN US",2021-07-20,1940-05-09,46.4145,411.2,-95.5464,0.9012,METERS
US,GHCND:USW00014916,"GRAND FORKS INTERNATIONAL AIRPORT, ND US",2021-07-20,1941-04-01,47.9428,256.6,-97.1839,0.9957,METERS
US,GHCND:USC00217326,"ST. JAMES WWTP, MN US",2021-07-06,1940-05-12,43.9904,326.1,-94.6123,0.9458,METERS
US,GHCND:USC00218700,"WASKISH 4 NE, MN US",2021-07-19,1923-07-17,48.2059,363.0,-94.4273,0.5375,METERS
US,GHCND:USC00220585,"BEAUMONT EXP.STATION, MS US",2021-04-30,1991-02-01,31.2353,59.1,-88.9187,0.9816,METERS
US,GHCND:USC00229439,"WAYNESBORO 2 W, MS US",2021-07-20,1892-07-01,31.6773,61.0,-88.6709,0.7911,METERS
US,GHCND:USW00003945,"COLUMBIA REGIONAL AIRPORT, MO US",2021-07-20,1969-11-01,38.8169,272.2,-92.2183,0.9826,METERS
US,GHCND:USR0000MSSC,"SOUTH SAWMILL CREEK MONTANA, MT US",2021-07-20,1985-01-23,47.5619,1002.8,-107.5286,0.9952,METERS
US,GHCND:USC00241875,"COHAGEN, MT US",2021-04-30,1950-04-01,47.05643,829.1,-106.61638,0.7689,METERS
US,GHCND:USC00248415,"TURNER 11 N, MT US",2021-07-16,1985-10-01,48.9992,908.9,-108.3895,0.9894,METERS
US,GHCND:USC00321871,"CROSBY, ND US",2021-07-19,1907-04-03,48.9144,597.1,-103.2977,0.9778,METERS
US,GHCND:USS0014A11S,"GRAVE CREEK, MT US",2021-07-19,1975-09-30,48.91,1310.6,-114.77,1.0,METERS
US,GHCND:USC00243013,"FLATWILLOW 4 ENE, MT US",2021-04-30,1913-06-01,46.82169,1002.8,-108.37239,0.9824,METERS
US,GHCND:USC00243098,"FORSYTH, MT US",2021-07-19,1975-10-01,46.2721,766.6,-106.6755,0.9967,METERS
US,GHCND:USC00243915,"HARDIN, MT US",2021-07-14,1948-07-01,45.7316,877.8,-107.6091,0.9363,METERS
US,GHCND:USC00245596,"MELSTONE, MT US",2021-05-31,1909-05-01,46.6009,893.7,-107.8706,0.9051,METERS
US,GHCND:USC00248165,"TERRY, MT US",2021-07-16,1949-05-01,46.794,685.8,-105.3021,0.9585,METERS
US,GHCND:USC00245872,"MOSBY 4 ENE, MT US",2021-04-30,1959-08-01,47.02195,887.0,-107.82244,0.9365,METERS
US,GHCND:USC00247382,"SAVAGE, MT US",2021-04-30,1905-08-01,47.4535,602.9,-104.33786,0.9901,METERS
US,GHCND:USC00248607,"VOLBORG, MT US",2021-07-14,1950-06-17,45.8436,908.3,-105.6808,0.9426,METERS
US,GHCND:USC00248569,"VIDA 6 NE, MT US",2021-01-31,1935-01-01,47.8799,696.2,-105.3686,0.9426,METERS
US,GHCND:USC00249240,"YELLOWTAIL DAM, MT US",2021-07-07,1948-07-01,45.3127,1007.4,-107.9383,0.841,METERS
US,GHCND:USC00253615,"HARRISON, NE US",2021-07-20,1893-03-01,42.6858,1478.3,-103.8841,0.8242,METERS
US,GHCND:USC00250050,"AINSWORTH, NE US",2021-07-10,1905-11-01,42.5522,765.0,-99.8555,0.9742,METERS
US,GHCND:USC00251200,"BROKEN BOW 2 W, NE US",2021-05-31,1894-11-01,41.4083,763.2,-99.675,0.983,METERS
US,GHCND:USC00251145,"BRIDGEPORT, NE US",2021-07-19,1897-05-01,41.668,1117.4,-103.1038,0.9895,METERS
US,GHCND:USC00251365,"BUTTE, NE US",2021-07-20,1906-05-01,42.913,550.5,-98.8511,0.9679,METERS
US,GHCND:USC00252680,"ELSMERE 9 ENE, NE US",2021-05-31,1980-05-01,42.1717,808.9,-100.0106,0.9865,METERS
US,GHCND:USC00253355,"GORDON 6 N, NE US",2021-05-31,1898-01-01,42.8966,1142.4,-102.20298,0.8889,METERS
US,GHCND:USW00024028,"SCOTTSBLUFF W B HEILIG FIELD AIRPORT, NE US",2021-07-20,1893-01-01,41.8705,1202.4,-103.593,0.985,METERS
US,GHCND:USC00255700,"MULLEN 3 S, NE US",2021-07-20,1893-01-01,42.00669,995.8,-101.04446,0.6348,METERS
US,GHCND:USC00250420,"ATKINSON 3 SW, NE US",2021-07-20,1906-06-01,42.5136,648.6,-99.0302,0.939,METERS
US,GHCND:USW00024032,"VALENTINE MILLER FIELD AIRPORT, NE US",2021-07-20,1948-01-01,42.8783,789.4,-100.55,0.9864,METERS
US,GHCND:USS0015J12S,"CORRAL CANYON, NV US",2021-07-19,1978-09-30,40.28,2590.8,-115.53,1.0,METERS
US,GHCND:USS0017K04S,"BIG CREEK SUM, NV US",2021-07-19,1980-08-12,39.29,2650.2,-117.11,0.9967,METERS
US,GHCND:USR0000ATWE,"TWEEDS POINT ARIZONA, AZ US",2021-07-20,1985-01-23,36.5819,1585.0,-113.7319,0.9908,METERS
US,GHCND:USC00261358,"CALIENTE, NV US",2020-10-31,1903-04-01,37.6128,1334.7,-114.5265,0.8052,METERS
US,GHCND:USW00023169,"MCCARRAN INTERNATIONAL AIRPORT, NV US",2021-07-20,1948-09-06,36.0719,664.5,-115.1634,0.9998,METERS
US,GHCND:USS0015K03S,"DIAMOND PEAK, NV US",2021-07-19,1983-09-30,39.56,2448.5,-115.84,1.0,METERS
US,GHCND:USR0000NDEA,"DEAD CAMEL MOUNTAIN NEVADA, NV US",2021-07-20,1987-03-05,39.2636,1368.6,-118.9433,0.9837,METERS
US,GHCND:USC00262948,"GABBS 1 NE, NV US",2021-01-26,1979-05-01,38.8695,1430.7,-117.9231,0.2646,METERS
US,GHCND:USC00263512,"HAWTHORNE, NV US",2021-07-07,1954-08-19,38.5155,1341.1,-118.6208,0.47,METERS
US,GHCND:USW00024128,"WINNEMUCCA AIRPORT, NV US",2021-07-20,1877-07-01,40.9017,1309.4,-117.808,0.9898,METERS
US,GHCND:USC00264341,"LAGES, NV US",2021-05-31,1984-01-01,40.0634,1816.6,-114.6148,0.9813,METERS
US,GHCND:USC00264480,"LAUGHLIN, NV US",2021-07-20,1988-01-14,35.1691,184.4,-114.5805,0.9637,METERS
US,GHCND:USR0000NTEX,"TEXAS SPRINGS NEVADA, NV US",2021-07-20,1989-07-31,41.8017,1755.6,-118.4508,0.9982,METERS
US,GHCND:USC00265168,"MINA, NV US",2021-07-20,1896-03-01,38.3878,1396.0,-118.1091,0.9295,METERS
US,GHCND:USC00267369,"SEARCHLIGHT, NV US",2021-07-20,1913-12-01,35.4661,1079.0,-114.9216,0.9513,METERS
US,GHCND:USC00267463,"SILVERPEAK, NV US",2021-03-15,1967-10-16,37.7617,1302.7,-117.5658,0.8959,METERS
US,GHCND:USR0000NIMM,"IMMIGRATION WASH NEVADA, NV US",2021-07-20,1990-06-12,37.9214,1898.9,-114.1597,0.9979,METERS
US,GHCND:USR0000NCYW,"COYOTE WASH NEVADA, NV US",2021-07-20,1986-10-21,38.2833,1743.5,-114.7583,0.9967,METERS
US,GHCND:USW00023153,"TONOPAH AIRPORT, NV US",2021-07-19,1954-06-11,38.0511,1644.4,-117.0902,0.9994,METERS
US,GHCND:USC00290022,"ABBOTT 1 SE, NM US",2021-07-19,1909-07-01,36.3027,1874.5,-104.2497,0.8964,METERS
US,GHCND:USC00411033,"BRAVO, TX US",2021-07-16,1941-01-01,35.6201,1268.0,-103.0071,0.9692,METERS
US,GHCND:USC00290640,"AUGUSTINE 2 E, NM US",2021-04-30,1926-04-01,34.075,2133.6,-107.6211,0.9162,METERS
US,GHCND:USC00290983,"BINGHAM 2 NE, NM US",2021-04-30,1939-09-01,33.9113,1691.9,-106.3494,0.8776,METERS
US,GHCND:USC00291286,"CABALLO DAM, NM US",2021-04-30,1936-09-01,32.8965,1292.0,-107.3077,0.9706,METERS
US,GHCND:USC00291931,"CLOUDCROFT, NM US",2021-07-19,1987-09-01,32.9544,2645.4,-105.7352,0.9762,METERS
US,GHCND:USC00292030,"CONCHAS DAM, NM US",2021-07-20,1936-11-01,35.4072,1293.6,-104.1905,0.9904,METERS
US,GHCND:USC00292250,"CUBERO, NM US",2021-04-30,1977-01-01,35.0883,1888.2,-107.5177,0.9875,METERS
US,GHCND:USC00292785,"EL MORRO NATIONAL MON, NM US",2021-07-20,1938-03-01,35.038,2201.6,-108.3491,0.9816,METERS
US,GHCND:USC00293142,"FARMINGTON AG SCIENCE CNT, NM US",2021-07-20,1978-05-01,36.6897,1714.5,-108.3086,0.9904,METERS
US,GHCND:USC00298596,"SUMNER LAKE, NM US",2021-06-02,1975-03-01,34.6033,1312.5,-104.3811,0.9853,METERS
US,GHCND:USC00295965,"MOUNTAINAIR, NM US",2021-07-20,1902-05-01,34.5208,1987.3,-106.2605,0.8857,METERS
US,GHCND:USC00296619,"PASAMONTE, NM US",2021-07-20,1910-01-01,36.2994,1722.1,-103.7408,0.961,METERS
US,GHCND:USC00294028,"HOBBS FAA, NM US",2021-07-18,1941-09-01,32.6933,1114.0,-103.2125,0.1694,METERS
US,GHCND:USW00023040,"WINK FAA AIRPORT, TX US",2021-07-19,1938-06-01,31.7801,855.6,-103.2018,0.9334,METERS
US,GHCND:USC00295937,"MOSQUERO 1 NE, NM US",2021-04-30,1926-08-01,35.8022,1665.7,-103.9438,0.9597,METERS
US,GHCND:USC00291647,"CHACO CANYON NATIONAL MON, NM US",2021-02-28,1909-12-01,36.0286,1881.8,-107.9106,0.7674,METERS
US,GHCND:USC00296687,"PEDERNAL 9 E, NM US",2021-07-20,1929-07-01,34.6152,1874.5,-105.4739,0.8242,METERS
US,GHCND:USC00297008,"PORTALES, NM US",2021-07-19,1905-01-01,34.1741,1222.2,-103.3519,0.9229,METERS
US,GHCND:USC00297180,"QUEMADO, NM US",2021-04-30,1915-07-01,34.3447,2096.4,-108.4922,0.7861,METERS
US,GHCND:USC00297649,"RUIDOSO, NM US",2021-04-30,1941-12-22,33.3677,2112.3,-105.6611,0.8313,METERS
US,GHCND:USC00299156,"TUCUMCARI 4 NE, NM US",2021-07-20,1904-12-01,35.2005,1245.4,-103.6866,0.9904,METERS
US,GHCND:USC00298535,"STATE UNIVERSITY, NM US",2021-07-20,1959-04-01,32.2823,1184.5,-106.7598,0.9984,METERS
US,GHCND:USC00298713,"TATUM, NM US",2021-07-20,1919-06-01,33.2422,1222.9,-103.3611,0.9112,METERS
US,GHCND:USC00292510,"DILIA, NM US",2021-07-19,1941-11-01,35.1841,1569.7,-105.0569,0.9539,METERS
US,GHCND:USW00093729,"CAPE HATTERAS BILLY MITCHELL FIELD, NC US",2021-07-19,1957-03-01,35.2326,3.4,-75.6219,0.9994,METERS
US,GHCND:USC00311881,"CLINTON 2 NE, NC US",2021-07-20,1971-01-01,35.02508,48.2,-78.276,0.9834,METERS
US,GHCND:USC00315116,"LONGWOOD, NC US",2021-07-20,1972-06-01,34.0106,12.2,-78.5464,0.9878,METERS
US,GHCND:USC00413420,"GAINESVILLE 5 ENE, TX US",2021-07-20,1987-05-01,33.6461,265.2,-97.0591,0.9935,METERS
US,GHCND:USC00416953,"PERRYTON 11 WNW, TX US",2020-12-31,1945-01-01,36.4407,917.4,-100.996,0.9848,METERS
US,GHCND:USC00349668,"WILLOW, OK US",2021-07-20,1980-09-01,35.0523,531.9,-99.5125,0.9589,METERS
US,GHCND:USC00348380,"SPAVINAW, OK US",2021-07-16,1923-02-20,36.3894,208.8,-95.0597,0.95,METERS
US,GHCND:USC00349422,"WEATHERFORD, OK US",2021-07-20,1905-01-01,35.5199,493.2,-98.6986,0.9741,METERS
US,GHCND:USC00349724,"WISTER 3 S, OK US",2021-04-30,1946-06-01,34.9416,160.0,-94.7038,0.6459,METERS
US,GHCND:USC00350118,"ALKALI LAKE, OR US",2021-07-19,1961-04-18,42.9694,1320.4,-119.9933,0.8391,METERS
US,GHCND:USC00350265,"ARLINGTON, OR US",2021-07-20,1893-01-01,45.7212,84.4,-120.2064,0.8166,METERS
US,GHCND:USR0000OBAS,"BASQUE HILLS OREGON, OR US",2021-07-20,1990-08-06,42.2547,1548.4,-118.9792,0.9945,METERS
US,GHCND:USW00014895,"AKRON CANTON AIRPORT, OH US",2021-07-20,1948-07-01,40.9181,369.7,-81.4435,1.0,METERS
US,GHCND:USC00368692,"SUSQUEHANNA, PA US",2021-07-19,1935-02-01,41.9478,277.4,-75.6047,0.9744,METERS
US,GHCND:USW00013744,"FLORENCE REGIONAL AIRPORT, SC US",2021-07-19,1948-01-01,34.18772,44.5,-79.73085,0.9999,METERS
US,GHCND:USW00013748,"WILMINGTON INTERNATIONAL AIRPORT, NC US",2021-07-19,1948-01-01,34.2675,10.1,-77.8997,0.9999,METERS
US,GHCND:USC00396712,"POLLOCK, SD US",2021-07-19,1908-11-01,45.90338,499.6,-100.28765,0.9751,METERS
US,GHCND:USC00328913,"UPHAM 3 N, ND US",2021-06-08,1940-07-01,48.6147,434.3,-100.7263,0.9921,METERS
US,GHCND:USC00320995,"BOWMAN, ND US",2021-07-20,1915-01-02,46.19361,909.2,-103.37138,0.9536,METERS
US,GHCND:USW00014919,"JAMESTOWN MUNICIPAL AIRPORT, ND US",2021-07-19,1948-07-01,46.9258,455.4,-98.6691,0.9998,METERS
US,GHCND:USC00321435,"CAVALIER 7 NW, ND US",2021-07-20,1927-08-01,48.8624,274.0,-97.7015,0.943,METERS
US,GHCND:USC00323705,"GRASSY BUTTE 2 ENE, ND US",2021-04-30,1987-08-01,47.4011,813.8,-103.2072,0.9971,METERS
US,GHCND:USC00324083,"HAZELTON 4 NW, ND US",2021-07-20,1948-08-01,46.5203,604.1,-100.3478,0.418,METERS
US,GHCND:USC00324646,"KENMARE 1 WSW, ND US",2021-03-31,1932-07-01,48.6691,551.7,-102.0975,0.9067,METERS
US,GHCND:USC00324958,"LANGDON EXPERIMENTAL FARM, ND US",2021-07-20,1897-04-01,48.7622,492.3,-98.3447,0.8926,METERS
US,GHCND:USC00325660,"MAYVILLE, ND US",2021-07-20,1893-01-01,47.4988,299.6,-97.3513,0.8336,METERS
US,GHCND:USC00325813,"MEDORA, ND US",2021-07-13,1948-07-17,46.9161,691.3,-103.5263,0.9576,METERS
US,GHCND:USC00328415,"STREETER 5 NW, ND US",2021-07-19,1987-08-01,46.7154,597.7,-99.4475,0.9939,METERS
US,GHCND:USC00327027,"PETERSBURG 2 N, ND US",2021-07-19,1930-06-12,48.0356,467.0,-98.0096,0.929,METERS
US,GHCND:USC00328366,"STEELE 4 N, ND US",2021-07-18,1894-04-01,46.8948,564.8,-99.9482,0.9076,METERS
US,GHCND:USC00329430,"WILLISTON EXPERIMENTAL FARM, ND US",2021-04-30,1956-07-01,48.1375,641.6,-103.7372,0.9915,METERS
US,GHCND:USC00332160,"DENNISON WATER WORKS, OH US",2021-07-20,1982-09-01,40.4056,262.1,-81.3435,0.8452,METERS
US,GHCND:USC00341750,"CHICKASHA EXPERIMENTAL STATION, OK US",2021-07-20,1953-06-01,35.0488,330.7,-97.9158,0.9909,METERS
US,GHCND:USC00343489,"GATE, OK US",2021-05-31,1959-07-01,36.85,685.8,-100.0569,0.9834,METERS
US,GHCND:USW00013880,"CHARLESTON INTL. AIRPORT, SC US",2021-07-20,1937-03-01,32.89943,12.2,-80.04075,1.0,METERS
US,GHCND:USC00388440,"SUMTER, SC US",2021-07-20,1901-12-01,33.9364,53.9,-80.3569,0.7828,METERS
US,GHCND:USC00391621,"CHAMBERLAIN 5 S, SD US",2021-07-08,1980-10-01,43.73519,519.4,-99.31239,0.9952,METERS
US,GHCND:USC00390701,"BISON, SD US",2021-07-19,1916-05-01,45.5286,847.3,-102.465,0.8355,METERS
US,GHCND:USW00014929,"ABERDEEN REGIONAL AIRPORT, SD US",2021-07-20,1893-01-01,45.4433,395.3,-98.413,0.9939,METERS
US,GHCND:USC00391972,"COTTONWOOD 2 E, SD US",2021-07-18,1909-06-01,43.9611,723.3,-101.8605,0.9753,METERS
US,GHCND:USC00394596,"KIRLEY 6 N, SD US",2021-03-31,1970-09-01,44.6122,658.4,-101.3369,0.9879,METERS
US,GHCND:USC00396335,"ORIENT, SD US",2021-04-30,1979-07-01,44.8983,489.2,-99.0865,0.9842,METERS
US,GHCND:USC00396292,"ONIDA 4 NW, SD US",2021-05-31,1913-01-01,44.73234,564.2,-100.14479,0.932,METERS
US,GHCND:USC00393316,"GLAD VALLEY 2 W, SD US",2021-04-30,1949-08-01,45.40077,758.0,-101.81033,0.909,METERS
US,GHCND:USC00395891,"MURDO, SD US",2021-07-20,1907-12-01,43.8878,705.9,-100.7075,0.9597,METERS
US,GHCND:USC00398307,"TIMBER LAKE, SD US",2021-07-19,1911-10-01,45.4284,662.3,-101.0764,0.913,METERS
US,GHCND:USC00402680,"DYERSBURG, TN US",2021-02-28,1893-05-01,35.9986,91.4,-89.409,0.2659,METERS
US,GHCND:USC00405681,"MARTIN UNIVERSITY OF TN EXPERIMENT STATION, TN US",2021-07-20,1936-09-11,36.3444,103.6,-88.8636,0.9719,METERS
US,GHCND:USC00410984,"BOWIE, TX US",2021-06-22,1897-01-01,33.5511,329.2,-97.8472,0.7573,METERS
US,GHCND:USC00410404,"ATHENS, TX US",2021-07-20,1903-12-01,32.1633,136.6,-95.83,0.6213,METERS
US,GHCND:USC00416104,"MOUNT LOCKE, TX US",2021-07-16,1935-02-01,30.7053,2069.6,-104.0232,0.99,METERS
US,GHCND:USC00411430,"CANYON, TX US",2021-07-14,1923-04-01,34.9805,1094.2,-101.9263,0.9799,METERS
US,GHCND:USC00411045,"BREMOND, TX US",2021-05-31,1963-05-22,31.1588,143.3,-96.6825,0.9925,METERS
US,GHCND:USC00412824,"EL INDIO 7 ESE, TX US",2020-12-24,1978-09-01,28.4747,246.0,-100.2147,0.9891,METERS
US,GHCND:USC00411596,"CENTERVILLE, TX US",2021-07-20,1937-05-01,31.258,97.5,-95.9744,0.9753,METERS
US,GHCND:USC00416792,"PANTHER JUNCTION, TX US",2021-07-20,1955-04-01,29.3273,1140.0,-103.2062,0.9896,METERS
US,GHCND:USC00411974,"COPE RANCH, TX US",2021-07-20,1948-03-01,31.5333,755.9,-101.2842,0.9698,METERS
US,GHCND:USC00415707,"MCCAMEY, TX US",2021-07-20,1932-02-01,31.1331,750.1,-102.2218,0.9681,METERS
US,GHCND:USC00412114,"CROCKETT, TX US",2021-07-20,1904-08-01,31.3072,105.8,-95.4509,0.9165,METERS
US,GHCND:USW00093042,"DALHART FAA AIRPORT, TX US",2021-07-20,1948-12-10,36.0167,1216.2,-102.55,0.9978,METERS
US,GHCND:USC00412617,"DUMAS, TX US",2021-07-20,1937-01-01,35.8731,1114.0,-101.9725,0.9077,METERS
US,GHCND:USW00012959,"MCALLEN MILLER INTERNATIONAL AIRPORT, TX US",2021-07-19,1961-01-14,26.18389,30.5,-98.25389,0.9972,METERS
US,GHCND:USC00412906,"ENCINAL, TX US",2021-07-13,1907-09-26,27.9774,166.1,-99.3847,0.9228,METERS
US,GHCND:USC00413063,"FALFURRIAS, TX US",2021-07-20,1907-03-01,27.1354,42.4,-98.1202,0.9222,METERS
US,GHCND:USC00413257,"FORT MCKAVETT, TX US",2021-07-20,1877-11-01,30.82728,661.1,-100.11023,0.1988,METERS
US,GHCND:USC00413266,"FORT HANCOCK 8 SSE, TX US",2021-07-05,1966-07-01,31.1846,1064.7,-105.7411,0.8911,METERS
US,GHCND:USC00413280,"FORT STOCKTON, TX US",2021-07-19,1940-05-01,30.9071,926.0,-102.9153,0.924,METERS
US,GHCND:USC00413340,"FREEPORT 2 NW, TX US",2021-07-19,1931-01-01,28.9845,2.4,-95.3809,0.9775,METERS
US,GHCND:USC00413411,"GAIL, TX US",2021-07-19,1897-01-01,32.7744,771.1,-101.4539,0.6379,METERS
US,GHCND:USC00414517,"JACKSBORO, TX US",2021-07-20,1941-03-01,33.2065,329.5,-98.1688,0.9607,METERS
US,GHCND:USC00419101,"TOWN BLUFF DAM, TX US",2021-07-20,1970-02-01,30.793,65.2,-94.1819,0.9775,METERS
US,GHCND:USC00414670,"JUNCTION 4 SSW, TX US",2021-07-16,1897-01-27,30.4452,532.5,-99.8044,0.8252,METERS
US,GHCND:USC00418221,"SEYMOUR 3 NW, TX US",2021-07-20,1905-06-02,33.64187,399.6,-99.28943,0.867,METERS
US,GHCND:USC00415048,"LANGTRY, TX US",2021-07-20,1897-07-01,29.8097,393.2,-101.5604,0.5712,METERS
US,GHCND:USW00023023,"MIDLAND INTERNATIONAL AIRPORT, TX US",2021-07-20,1930-06-01,31.9475,872.3,-102.2086,1.0,METERS
US,GHCND:USW00093987,"LUFKIN ANGELINA CO AIRPORT, TX US",2021-07-19,1906-10-01,31.23611,87.8,-94.75444,0.9632,METERS
US,GHCND:USC00415579,"MARATHON, TX US",2021-01-31,1896-07-01,30.1926,1215.8,-103.2716,0.647,METERS
US,GHCND:USC00416776,"PAMPA NUMBER 2, TX US",2021-07-20,1964-04-01,35.5544,960.1,-100.9736,0.9963,METERS
US,GHCND:USC00416879,"PEARSALL, TX US",2021-04-30,1902-03-01,28.8888,193.5,-99.0897,0.9206,METERS
US,GHCND:USC00417300,"PROCTOR RESERVOIR, TX US",2021-05-31,1963-06-01,31.9633,372.2,-98.4941,0.9738,METERS
US,GHCND:USC00417622,"RIO GRANDE CITY, TX US",2021-07-20,1892-07-01,26.3769,52.4,-98.8116,0.8432,METERS
US,GHCND:USC00418433,"SNYDER, TX US",2021-07-20,1911-05-01,32.7101,706.8,-100.9112,0.9445,METERS
US,GHCND:USW00023051,"CLAYTON MUNICIPAL AIR PARK, NM US",2021-07-20,1896-02-01,36.4486,1511.8,-103.1539,0.884,METERS
US,GHCND:USC00419270,"VALENTINE, TX US",2021-07-20,1978-06-01,30.58639,1353.3,-104.4996,0.9671,METERS
US,GHCND:USC00419295,"VAN HORN, TX US",2021-07-20,1939-01-01,31.0417,1239.0,-104.8372,0.9162,METERS
US,GHCND:USC00419800,"WILLS POINT, TX US",2021-07-20,1905-04-01,32.7019,158.5,-96.015,0.8491,METERS
US,GHCND:USC00421020,"BULLFROG BASIN, UT US",2021-07-17,1967-03-01,37.52686,1164.9,-110.71655,0.8484,METERS
US,GHCND:USR0000NCED,"CEDAR PASS NEVADA, NV US",2021-07-20,1989-07-25,39.7569,2190.0,-114.1658,0.9959,METERS
US,GHCND:USC00422607,"ESKDALE, UT US",2021-07-19,1966-03-27,39.1077,1517.9,-113.9533,0.97,METERS
US,GHCND:USC00423980,"HITE RANGER STATION, UT US",2021-05-31,1978-02-01,37.87465,1173.5,-110.388,0.7282,METERS
US,GHCND:USC00427408,"ROSETTE, UT US",2021-07-18,1990-07-01,41.8187,1732.8,-113.4134,0.9579,METERS
US,GHCND:USC00442009,"CORBIN, VA US",2021-07-19,1959-01-01,38.2022,67.1,-77.3747,0.9807,METERS
US,GHCND:USC00446475,"PAINTER 2 W, VA US",2021-07-19,1955-12-01,37.5844,9.1,-75.8217,0.9952,METERS
US,GHCND:USC00451395,"CHEWELAH, WA US",2021-07-02,1925-09-01,48.27323,501.1,-117.74101,0.9752,METERS
US,GHCND:USC00451767,"COULEE DAM 1 SW, WA US",2021-07-19,1934-08-01,47.95449,524.0,-118.99968,0.9667,METERS
US,GHCND:USW00094240,"QUILLAYUTE AIRPORT, WA US",2021-07-20,1966-08-01,47.9375,56.4,-124.555,0.9999,METERS
US,GHCND:USC00456747,"PRIEST RAPIDS DAM, WA US",2021-07-19,1956-12-06,46.64625,130.5,-119.90622,0.9489,METERS
US,GHCND:USC00456974,"REPUBLIC, WA US",2021-07-19,1899-10-01,48.64623,778.8,-118.73681,0.9005,METERS
US,GHCND:USC00474953,"MADELINE ISLAND, WI US",2021-02-28,1944-06-10,46.778,201.2,-90.7654,0.9499,METERS
US,GHCND:USC00478905,"WASHINGTON IS, WI US",2021-07-20,1944-10-15,45.3582,209.1,-86.891,0.9883,METERS
US,GHCND:USC00480761,"BITTER CREEK 4 NE, WY US",2021-07-20,1962-09-14,41.58959,2048.9,-108.50939,0.8993,METERS
US,GHCND:USC00482725,"DULL CENTER 1 SE, WY US",2021-03-31,1926-05-20,43.4117,1345.7,-104.9614,0.9474,METERS
US,GHCND:USC00483170,"FARSON 2 NNE, WY US",2021-07-20,1915-01-01,42.13976,2017.8,-109.43088,0.8166,METERS
US,GHCND:USC00483396,"FONTENELLE DAM, WY US",2021-07-18,1963-07-02,41.98604,1976.6,-110.06113,0.9598,METERS
US,GHCND:USW00024027,"ROCK SPRINGS AIRPORT, WY US",2021-07-19,1948-01-01,41.59466,2055.0,-109.05296,0.9764,METERS
US,GHCND:USC00486852,"OLD FORT LARAMIE, WY US",2021-07-19,1989-12-01,42.2058,1295.4,-104.5561,0.9734,METERS
US,GHCND:USW00024018,"CHEYENNE WSFO AIRPORT, WY US",2021-07-20,1915-01-01,41.15778,1863.2,-104.80694,0.9998,METERS
US,GHCND:USW00024022,"LARAMIE AIRPORT, WY US",2021-07-18,1948-01-01,41.3167,2214.7,-105.6833,0.9996,METERS
US,GHCND:USC00485525,"LEO 6 SW, WY US",2021-04-30,1930-01-01,42.1952,1839.5,-106.8555,0.9587,METERS
US,GHCND:USC00486195,"MIDWEST, WY US",2021-07-20,1939-01-01,43.41316,1481.3,-106.27727,0.936,METERS
US,GHCND:USC00487375,"POWDER RIVER SCHOOL, WY US",2021-07-20,1948-08-01,43.03518,1744.1,-106.98947,0.1667,METERS
US,GHCND:USC00489459,"WAMSUTTER, WY US",2021-07-19,1897-05-01,41.67166,2054.4,-107.97841,0.5827,METERS
US,GHCND:USC00489580,"WESTON 1 E, WY US",2021-07-16,1951-04-17,44.64021,1139.3,-105.30095,0.9306,METERS
US,GHCND:USC00489805,"WRIGHT 12 W, WY US",2021-07-05,1991-07-01,43.7472,1530.1,-105.733,0.9835,METERS
US,GHCND:USC00501240,"CANNERY CREEK, AK US",2021-04-30,1979-05-01,61.0183,25.9,-147.5147,0.9621,METERS
US,GHCND:USC00501684,"CHICKEN, AK US",2021-07-19,1911-05-30,64.0917,548.6,-141.9211,0.2467,METERS
US,GHCND:USC00501926,"CHULITNA RIVER, AK US",2021-07-19,1971-01-28,62.8255,412.7,-149.9061,0.8712,METERS
US,GHCND:USC00501987,"CIRCLE HOT SPRINGS, AK US",2021-07-16,1935-07-01,65.4939,262.1,-144.6422,0.6264,METERS
US,GHCND:USR0000AHAI,"HAIDA ALASKA, AK US",2021-07-20,1989-09-25,55.3503,457.2,-132.6983,0.5925,METERS
US,GHCND:USS0045O04S,"GRANITE CRK, AK US",2021-07-19,1987-10-01,63.94,378.0,-145.4,0.9997,METERS
US,GHCND:USC00502587,"DUTCH HARBOR, AK US",2021-07-19,1915-05-01,53.895,3.0,-166.5433,0.6495,METERS
US,GHCND:USR0000AKLA,"KLAWASI ALASKA, AK US",2021-07-20,1991-06-10,62.1472,944.9,-144.9281,0.8574,METERS
US,GHCND:USC00503672,"HOMER 8 NW, AK US",2021-04-30,1977-10-01,59.7444,329.2,-151.6347,0.9864,METERS
US,GHCND:USC00505136,"KUPARUK, AK US",2021-04-30,1983-02-01,70.3289,19.5,-149.6114,0.9801,METERS
US,GHCND:USC00505519,"LITTLE PORT WALTER, AK US",2021-07-16,1936-07-01,56.383,4.3,-134.6497,0.9377,METERS
US,GHCND:USC00505604,"MAIN BAY, AK US",2021-03-31,1982-10-01,60.5181,17.4,-148.0931,0.9657,METERS
US,GHCND:USC00505778,"MCKINLEY PARK, AK US",2021-07-20,1923-01-01,63.7175,630.9,-148.9692,0.9692,METERS
US,GHCND:USC00505881,"MINCHUMINA, AK US",2021-04-30,1945-01-01,63.9033,312.4,-152.2816,0.7863,METERS
US,GHCND:USC00507570,"PORT ALSWORTH, AK US",2021-04-30,1960-07-01,60.2036,79.2,-154.3163,0.9652,METERS
US,GHCND:USS0015D06S,"MOUNTAIN MEADOWS, ID US",2021-07-19,1980-08-28,45.7,1938.5,-115.23,0.9977,METERS
US,GHCND:USR0000NBLU,"BLUEWING MOUNTAIN NEVADA, NV US",2021-07-20,1986-07-31,40.5017,1392.9,-119.1217,0.9965,METERS
US,GHCND:USR0000NCAT,"CATNIP MOUNTAIN NEVADA, NV US",2021-04-24,1985-08-20,41.92,1749.6,-119.495,0.9965,METERS
US,GHCND:USR0000NCOI,"COILS CREEK NEVADA, NV US",2021-07-20,1989-10-11,39.8333,2072.6,-116.4917,0.9913,METERS
US,GHCND:USR0000NCUR,"CURRANT CREEK NEVADA, NV US",2021-07-20,1989-07-25,38.7586,1700.8,-115.4128,0.9979,METERS
US,GHCND:USR0000NFOX,"FOX MOUNTAIN NEVADA, NV US",2021-07-20,1989-07-31,41.0061,2100.1,-119.5681,0.9893,METERS
US,GHCND:USR0000NKAN,"KANE SPRINGS NEVADA, NV US",2021-07-20,1986-11-07,37.2506,1399.0,-114.7075,0.9935,METERS
US,GHCND:USR0000NKIN,"KINGS CANYON NEBRASKA, NE US",2021-07-20,1989-09-28,42.7239,1243.6,-102.9714,0.9789,METERS
US,GHCND:USR0000NPAN,"PANCAKE NEVADA, NV US",2021-07-20,1986-09-18,38.3036,1585.0,-116.1925,0.9912,METERS
US,GHCND:USR0000NSIA,"SIARD NEVADA, NV US",2021-07-20,1986-07-31,40.3944,1402.1,-117.625,0.9967,METERS
US,GHCND:USR0000NSPG,"SPRING GULCH NEVADA, NV US",2021-07-20,1990-06-20,40.5931,1667.3,-114.2028,0.9975,METERS
US,GHCND:USR0000NSPM,"SPRUCE MOUNTAIN NEVADA, NV US",2021-07-20,1986-09-17,40.4403,1859.3,-114.8111,0.994,METERS
US,GHCND:USR0000OGRM,"GRASSY MOUNTAIN OREGON, OR US",2021-07-20,1985-01-23,42.6261,1389.9,-117.395,0.9902,METERS
US,GHCND:USR0000OKEL,"KELSAY BUTTE OREGON, OR US",2021-07-20,1985-01-23,43.9014,1581.0,-117.9858,0.9943,METERS
US,GHCND:USR0000ORED,"RED BUTTE OREGON, OR US",2021-07-20,1986-09-24,43.5361,1359.4,-117.8347,0.9966,METERS
US,GHCND:USR0000SMAG,"MAGPIE CREEK SOUTH DAKOTA, SD US",2021-07-20,1987-04-20,43.3181,865.6,-101.1444,0.9955,METERS
US,GHCND:USR0000TGUA,"GUADELUPE PEAK TEXAS, TX US",2021-06-29,1985-07-02,31.925,2363.7,-104.8253,0.9444,METERS
US,GHCND:USR0000TULE,"TULE VALLEY DELTA 49 W UTAH, UT US",2021-07-20,1987-09-02,39.35,1585.0,-113.3847,0.9623,METERS
US,GHCND:USS0035K02S,"MOORE CREEK BRIDGE, AK US",2021-07-19,1989-10-01,59.59,685.8,-135.21,0.6107,METERS
US,GHCND:USR0000ABEV,"BEAVER WBQ ALASKA, AK US",2021-07-20,1990-05-29,66.2667,147.2,-146.5167,0.6618,METERS
US,GHCND:USR0000ACOT,"COTTONWOOD ALASKA, AK US",2021-07-20,1991-06-17,65.3458,399.3,-155.9361,0.6588,METERS
US,GHCND:USR0000AGRA,"GRAPHITE LAKE ALASKA, AK US",2021-07-20,1991-06-24,67.0333,259.1,-143.2833,0.6913,METERS
US,GHCND:USR0000AHAY,"HAYCOCK ALASKA, AK US",2021-07-20,1988-05-22,65.2017,53.9,-161.155,0.7893,METERS
US,GHCND:USR0000AHEL,"HELMUT MOUNTAIN ALASKA, AK US",2021-07-20,1988-09-22,67.7414,853.4,-144.1225,0.6986,METERS
US,GHCND:USW00025325,"KETCHIKAN AIRPORT, AK US",2021-07-18,1910-09-01,55.35956,24.4,-131.72074,0.9522,METERS
US,GHCND:USR0000AHOD,"HODZANA ALASKA, AK US",2021-07-20,1991-06-10,66.7417,327.7,-148.6767,0.6431,METERS
US,GHCND:USR0000AINN,"INNOKO FLATS ALASKA, AK US",2021-07-20,1988-03-30,63.39,283.5,-158.8167,0.7453,METERS
US,GHCND:USR0000AKIA,"KIANA ALASKA, AK US",2021-07-20,1988-04-19,66.9767,45.7,-160.4375,0.7628,METERS
US,GHCND:USR0000AKIL,"KILBUCK ALASKA, AK US",2021-07-20,1991-07-15,60.32,582.2,-160.2,0.8877,METERS
US,GHCND:USR0000AKOY,"KOYUKUK NWR ALASKA, AK US",2021-07-20,1990-07-16,66.0083,30.5,-157.57,0.8009,METERS
US,GHCND:USR0000AMAY,"MAY CREEK ALASKA, AK US",2021-07-20,1990-05-25,61.3208,487.7,-142.5844,0.9065,METERS
US,GHCND:USR0000AMCK,"MCKINLEY RIVER ALASKA, AK US",2021-07-20,1990-06-15,63.6492,256.0,-151.6397,0.7345,METERS
US,GHCND:USR0000AYEL,"YELLOW JOHN MOUNTAIN ARIZONA, AZ US",2021-07-20,1987-12-22,36.1542,1877.6,-113.5417,0.9921,METERS
US,GHCND:USR0000ANOA,"NOATAK ALASKA, AK US",2021-07-20,1990-04-23,68.0708,300.2,-158.7042,0.8303,METERS
US,GHCND:USR0000ANOR,"NORUTAK LAKE ALASKA, AK US",2021-07-20,1990-05-26,66.8333,243.8,-154.3333,0.7943,METERS
US,GHCND:USR0000APOO,"POORMAN ALASKA, AK US",2021-07-20,1988-06-02,64.105,285.0,-155.5583,0.8162,METERS
US,GHCND:USR0000ASEL,"SELAWIK ALASKA, AK US",2021-07-20,1991-06-14,66.6033,32.0,-159.1125,0.9256,METERS
US,GHCND:USR0000ASEV,"SEVEN MILE ALASKA, AK US",2021-07-20,1988-03-24,65.9383,250.9,-149.855,0.9165,METERS
US,GHCND:USR0000ASTR,"STONEY RIVER ALASKA, AK US",2021-07-20,1990-09-24,61.6467,80.8,-156.4333,0.8213,METERS
US,GHCND:USR0000AWAR,"WARM SPRINGS CANYON ARIZONA, AZ US",2021-07-20,1986-05-12,36.7,2441.4,-112.23,0.7212,METERS
US,GHCND:USR0000AWEI,"WEIN LAKE ALASKA, AK US",2021-07-20,1988-05-27,64.315,320.0,-151.0833,0.7103,METERS
US,GHCND:USR0000AZAR,"ZAREMBO ALASKA, AK US",2021-07-20,1989-09-25,56.3,335.3,-132.8486,0.7175,METERS
US,GHCND:USR0000CHNM,"HUNTER MOUNTAIN CALIFORNIA, CA US",2021-07-20,1989-02-15,36.5625,2097.0,-117.4736,0.9643,METERS
US,GHCND:USR0000CSRI,"SANTA ROSA ISLAND CALIFORNIA, CA US",2021-07-20,1990-04-23,33.9778,395.6,-120.0778,0.97,METERS
US,GHCND:USR0000CSQU,"SQUAW LAKE CALIFORNIA, CA US",2021-07-20,1986-04-24,32.9083,91.4,-114.4944,0.9933,METERS
US,GHCND:USC00507738,"PORT SAN JUAN, AK US",2021-06-30,1980-07-01,60.0502,12.2,-148.0672,0.9187,METERS
US,GHCND:USC00507783,"PUNTILLA, AK US",2021-07-19,1942-01-01,62.0911,566.3,-152.7349,0.8708,METERS
US,GHCND:USS0019F01S,"SNOW MOUNTAIN, OR US",2021-07-19,1978-09-30,43.95,1898.9,-119.54,0.9985,METERS
US,GHCND:USS0047O01S,"MONAHAN FLAT, AK US",2021-07-19,1983-10-01,63.31,826.0,-147.65,0.8691,METERS
US,GHCND:USS0048U01S,"SAGWON, AK US",2021-07-19,1983-03-02,69.42,304.8,-148.69,0.9008,METERS
US,GHCND:USS0049T01S,"IMNAVIAT CREEK, AK US",2021-07-19,1981-03-01,68.62,929.6,-149.3,0.9063,METERS
US,GHCND:USS0049T03S,"ATIGUN PASS, AK US",2021-07-19,1982-10-01,68.13,1463.0,-149.48,0.9703,METERS
US,GHCND:USS0050N07S,"SUSITNA VALLEY HIGH, AK US",2021-07-19,1987-09-30,62.13,114.3,-150.04,0.9999,METERS
US,GHCND:USS0051R01S,"BETTLES FIELD, AK US",2021-07-19,1980-09-30,66.92,195.1,-151.53,1.0,METERS
US,GHCND:USW00003813,"MACON MIDDLE GA REGIONAL AIRPORT, GA US",2021-07-20,1941-10-20,32.6847,104.5,-83.6527,0.9107,METERS
US,GHCND:USW00003822,"SAVANNAH INTERNATIONAL AIRPORT, GA US",2021-07-20,1948-01-01,32.13133,14.0,-81.20237,1.0,METERS
US,GHCND:USC00018323,"TROY, AL US",2021-05-31,1908-06-01,31.8075,165.2,-85.9722,0.9699,METERS
US,GHCND:USW00003940,"JACKSON INTERNATIONAL AIRPORT, MS US",2021-07-20,1942-09-01,32.3205,100.6,-90.0777,0.7357,METERS
US,GHCND:USW00003959,"BARTLESVILLE MUNICIPAL AIRPORT, OK US",2021-07-19,1920-01-01,36.7683,217.9,-96.0261,0.9378,METERS
US,GHCND:USW00012836,"KEY WEST INTERNATIONAL AIRPORT, FL US",2021-07-20,1948-01-01,24.5571,0.3,-81.7554,0.9455,METERS
US,GHCND:USC00415060,"LAREDO 2, TX US",2021-07-19,1946-09-01,27.5684,131.1,-99.4982,0.7613,METERS
US,GHCND:USW00012912,"VICTORIA REGIONAL AIRPORT, TX US",2021-07-20,1941-11-04,28.8614,35.1,-96.9303,0.821,METERS
US,GHCND:USW00012916,"NEW ORLEANS AIRPORT, LA US",2021-07-20,1945-10-01,29.99691,1.2,-90.27751,0.9703,METERS
US,GHCND:USW00012947,"COTULLA LA SALLE CO AIRPORT, TX US",2021-07-19,1949-10-01,28.45667,145.1,-99.21833,0.5923,METERS
US,GHCND:USW00013766,"MANTEO, NC US",2021-05-31,1945-03-01,35.9172,4.0,-75.7024,0.6587,METERS
US,GHCND:USW00013870,"ALMA BACON CO AIRPORT, GA US",2021-07-20,1938-06-01,31.5358,58.8,-82.5067,1.0,METERS
US,GHCND:USW00013966,"WICHITA FALLS MUNICIPAL AIRPORT, TX US",2021-07-20,1897-01-01,33.9786,310.0,-98.4928,0.9414,METERS
US,GHCND:USW00013968,"TULSA INTERNATIONAL AIRPORT, OK US",2021-07-20,1938-12-01,36.1994,198.1,-95.8872,0.9616,METERS
US,GHCND:USW00013978,"GREENWOOD LEFLORE AIRPORT, MS US",2021-07-20,1948-01-01,33.4963,40.5,-90.0866,0.993,METERS
US,GHCND:USW00014610,"MILLINOCKET MUNICIPAL AIRPORT, ME US",2021-07-19,1944-12-01,45.6477,123.7,-68.6925,0.5745,METERS
US,GHCND:USW00014778,"WILLIAMSPORT REGIONAL AIRPORT, PA US",2021-07-20,1901-01-30,41.24295,158.5,-76.9218,0.6078,METERS
US,GHCND:USW00094849,"ALPENA CO REGIONAL AIRPORT, MI US",2021-07-20,1916-10-21,45.0716,208.5,-83.5644,0.9932,METERS
US,GHCND:USW00014824,"ESCANABA, MI US",2021-07-20,1948-01-01,45.7438,180.1,-87.0406,0.7894,METERS
US,GHCND:USW00014847,"SAULT STE MARIE SANDERSON FIELD, MI US",2021-07-20,1931-01-01,46.4794,220.1,-84.3572,1.0,METERS
US,GHCND:USW00014858,"HANCOCK HOUGHTON CO AIRPORT, MI US",2021-07-19,1948-01-01,47.16861,333.8,-88.48889,0.8216,METERS
US,GHCND:USW00014946,"WATERTOWN REGIONAL AIRPORT, SD US",2021-07-19,1893-01-01,44.90453,532.8,-97.14963,0.9668,METERS
US,GHCND:USC00410225,"AMISTAD DAM, TX US",2021-07-01,1964-05-01,29.4608,352.7,-101.0286,0.9872,METERS
US,GHCND:USC00290992,"BITTER LAKES WL REFUGE, NM US",2021-07-20,1950-12-01,33.4594,1116.8,-104.4041,0.9562,METERS
US,GHCND:USW00023044,"EL PASO INTERNATIONAL AIRPORT, TX US",2021-07-20,1938-04-01,31.81111,1194.2,-106.37583,0.9998,METERS
US,GHCND:USW00023078,"DEMING MUNICIPAL AIRPORT, NM US",2021-07-18,1961-04-07,32.26222,1310.9,-107.72056,0.6899,METERS
US,GHCND:USW00023081,"GALLUP MUNICIPAL AIRPORT, NM US",2021-07-18,1973-01-08,35.5144,1972.4,-108.794,0.9996,METERS
US,GHCND:USW00023157,"BISHOP AIRPORT, CA US",2021-07-20,1895-01-01,37.3711,1250.3,-118.358,0.738,METERS
US,GHCND:USW00023170,"HANKSVILLE, UT US",2021-07-19,1910-03-01,38.37497,1304.5,-110.71906,0.9435,METERS
US,GHCND:USW00023191,"AVALON CATALINA AIRPORT, CA US",2021-07-19,1948-01-01,33.405,488.3,-118.41583,0.4299,METERS
US,GHCND:USW00024037,"MILES CITY AIRPORT, MT US",2021-07-19,1937-01-16,46.4266,799.8,-105.8825,0.999,METERS
US,GHCND:USW00024057,"RAWLINS AIRPORT, WY US",2021-07-20,1951-03-06,41.8,2053.1,-107.2,0.985,METERS
US,GHCND:USW00024141,"EPHRATA AIRPORT, WA US",2021-07-20,1949-01-01,47.3078,381.6,-119.5154,0.9981,METERS
US,GHCND:USW00024157,"SPOKANE INTERNATIONAL AIRPORT, WA US",2021-07-20,1889-08-01,47.6216,717.2,-117.528,0.9998,METERS
US,GHCND:USW00024243,"YAKIMA AIRPORT, WA US",2021-07-20,1946-09-06,46.5683,324.3,-120.5428,1.0,METERS
US,GHCND:USW00025329,"PETERSBURG 1, AK US",2021-07-19,1924-05-01,56.8055,32.6,-132.9372,0.8244,METERS
US,GHCND:USW00025333,"SITKA AIRPORT, AK US",2021-07-18,1944-09-01,57.0481,4.3,-135.3647,0.9767,METERS
US,GHCND:USW00025503,"KING SALMON AIRPORT, AK US",2021-07-20,1942-01-12,58.6829,20.4,-156.6563,0.9755,METERS
US,GHCND:USW00025506,"ILIAMNA AIRPORT, AK US",2021-07-18,1920-02-01,59.7494,43.6,-154.9089,0.7754,METERS
US,GHCND:USW00025624,"COLD BAY AIRPORT, AK US",2021-07-20,1942-03-25,55.2207,23.8,-162.7324,0.8976,METERS
US,GHCND:USW00026410,"CORDOVA AIRPORT, AK US",2021-07-18,1909-05-05,60.4888,9.4,-145.4511,0.9549,METERS
US,GHCND:USW00026435,"NENANA MUNICIPAL AIRPORT, AK US",2021-07-18,1916-12-01,64.55,109.7,-149.07167,0.799,METERS
US,GHCND:USW00026510,"MCGRATH AIRPORT, AK US",2021-07-19,1939-04-01,62.9574,101.5,-155.6103,0.997,METERS
US,GHCND:USW00026615,"BETHEL AIRPORT, AK US",2021-07-20,1923-08-01,60.785,31.1,-161.8293,0.9986,METERS
US,GHCND:USW00026616,"KOTZEBUE AIRPORT, AK ",2021-07-20,1897-09-12,66.8667,9.1,-162.6333,0.769,METERS
US,GHCND:USW00026617,"NOME AIRPORT, AK US",2021-07-20,1900-08-01,64.5111,4.0,-165.44,0.947,METERS
US,GHCND:USW00027401,"BARTER ISLAND WEATHER SERVICE OFFICE AIRPORT, AK US",2021-07-15,1947-09-23,70.13389,14.9,-143.57694,0.6365,METERS
US,GHCND:USW00027502,"BARROW AIRPORT, AK US",2021-07-20,1901-09-01,71.2834,9.4,-156.7815,0.8818,METERS
US,GHCND:USW00027503,"WAINWRIGHT AIRPORT, AK US",2021-07-15,1935-09-20,70.63917,9.1,-159.995,0.5221,METERS
US,GHCND:USW00093727,"NEW RIVER MCAF, NC US",2021-07-19,1955-01-01,34.70842,7.9,-77.43966,0.9428,METERS
US,GHCND:USW00093845,"VALDOSTA REGIONAL AIRPORT, GA US",2021-07-19,1948-01-01,30.7825,60.4,-83.27667,0.9373,METERS
US,GHCND:USW00093919,"MCCOMB AIRPORT, MS US",2021-07-19,1948-10-01,31.1827,125.9,-90.4708,0.9997,METERS
US,GHCND:USC00032540,"FORDYCE, AR US",2021-07-20,1911-04-01,33.82278,70.1,-92.39889,0.7663,METERS
US,GHCND:USC00042319,"DEATH VALLEY NATIONAL PARK, CA US",2021-07-19,1961-04-26,36.4626,-59.1,-116.8672,0.9983,METERS
US,GHCND:USC00153430,"GREENSBURG, KY US",2020-11-11,1889-01-05,37.2571,178.3,-85.5012,0.9484,METERS
US,GHCND:USC00200779,"BIG RAPIDS WATER TREATMENT PLANT, MI US",2021-07-19,1896-04-01,43.7072,273.7,-85.4819,0.9907,METERS
US,GHCND:USC00263671,"HIKO, NV US",2021-07-20,1989-09-01,37.5581,1188.7,-115.2236,0.9851,METERS
US,GHCND:USC00291963,"CLOVIS 13 N, NM US",2021-07-20,1949-06-21,34.5988,1351.8,-103.2161,0.9867,METERS
US,GHCND:USC00297226,"RAGLAND 3 SSW, NM US",2021-07-08,1935-02-01,34.78,1542.3,-103.7491,0.9686,METERS
US,GHCND:USR0000AHOG,"HOGATZA RIVER ALASKA, AK US",2021-07-20,1988-05-19,66.2167,208.8,-155.6667,0.7148,METERS
US,GHCND:USR0000AKEL,"KELLY ALASKA, AK US",2021-07-20,1990-04-23,67.9333,125.6,-162.3,0.8863,METERS
US,GHCND:USR0000AQTZ,"QUARTZ CREEK ALASKA, AK US",2021-07-20,1988-05-18,65.4,130.1,-164.65,0.8187,METERS
US,GHCND:USR0000ATEL,"TELIDA ALASKA, AK US",2021-05-24,1991-05-24,63.44,198.1,-153.3567,0.8852,METERS
US,GHCND:USR0000NANT,"ANTELOPE LAKE NEVADA, NV US",2021-07-20,1990-06-25,41.6847,1664.2,-116.7644,0.9974,METERS
US,GHCND:USW00026529,"TANANA AIRPORT, AK US",2021-07-19,1901-08-24,65.175,67.7,-152.1067,0.8779,METERS
US,GHCND:USW00093044,"ZUNI, NM US",2021-07-19,1949-02-17,35.0705,1923.6,-108.8388,0.9399,METERS
US,GHCND:USC00026468,"PETRIFIED FOREST NATIONAL PARK, AZ US",2021-05-31,1931-01-01,34.7994,1659.9,-109.885,0.9899,METERS
US,GHCND:USC00053038,"FORT MORGAN, CO US",2021-07-18,1896-12-01,40.25694,1333.8,-103.86987,0.9202,METERS
US,GHCND:USC00204090,"IRON MTN KINGSFORD WWTP, MI US",2021-05-31,1899-02-01,45.7858,326.4,-88.0841,0.9814,METERS
US,GHCND:USC00411013,"BRACKETTVILLE 22 N, TX US",2021-07-19,1978-09-01,29.6101,536.4,-100.452,0.9043,METERS
US,GHCND:USC00072730,"DOVER, DE US",2021-01-29,1893-01-01,39.1467,9.1,-75.5055,0.8962,METERS
US,GHCND:USC00200864,"BLOOMINGDALE, MI US",2021-07-20,1904-04-06,42.3838,224.3,-85.9626,0.9583,METERS
US,GHCND:USC00208043,"TAHQUAMENON FALLS STATE PARK, MI US",2021-07-01,1968-10-01,46.6013,227.1,-85.2238,0.953,METERS
US,GHCND:USC00210515,"BAUDETTE, MN US",2021-07-12,1908-12-01,48.7095,333.5,-94.5853,0.8939,METERS
US,GHCND:USC00293775,"HACHITA 1 W, NM US",2021-07-19,1909-07-01,31.9194,1361.2,-108.3441,0.8755,METERS
US,GHCND:USC00328065,"SHIELDS, ND US",2021-03-31,1950-07-25,46.233,550.5,-101.1291,0.9862,METERS
